Product_ID,Product,Category_ID,Category
2760,國際黑1號池,40301,一般電池
2761,國際黑2號池,40301,一般電池
2762,國際黑3號池,40301,一般電池
2766,勁量鹼性電池1號2入,40302,鹼性電池
2772,勁量鹼性電池9V1入,40302,鹼性電池
2781,國際黑4號池,40301,一般電池
2787,勁量鹼性電池3號2入,40302,鹼性電池
2800,勁量鹼性電池4號4入,40302,鹼性電池
2802,永備黑金鋼電池3號20入,40301,一般電池
2805,勁量鹼性電池12V1入(A23),40302,鹼性電池
2808,國際鹼性電池3號(量販包),40302,鹼性電池
2809,國際鹼性電池4號(量販包),40302,鹼性電池
2810,國際牌黑9V電池,40301,一般電池
2811,國際鹼性電池1號2入,40302,鹼性電池
2812,國際鹼性電池2號2入,40302,鹼性電池
2813,國際鹼性電池3號4入,40302,鹼性電池
2814,國際鹼性電池4號4入,40302,鹼性電池
2815,國際鹼性電池5號2入,40302,鹼性電池
2816,國際鹼性電池9V1入,40302,鹼性電池
2834,永備黑金剛電池4號20入,40301,一般電池
2836,國際鹼性電池3號2入,40302,鹼性電池
2837,國際鹼性電池4號2入,40302,鹼性電池
2839,永備黑金鋼電池1號2入,40301,一般電池
2840,永備黑金鋼電池2號2入,40301,一般電池
2841,永備黑金鋼電池3號4入,40301,一般電池
2842,永備黑金鋼電池4號4入,40301,一般電池
2860,金頂超能量電池4號4入,40302,鹼性電池
2867,國際牌碳鋅3號電池12粒裝,40301,一般電池
2968,松井四插延長線,40202,延長線
2969,松井四插延長線,40202,延長線
3009,阿扁薄式平貼式三孔延長線,40202,延長線
3013,阿扁薄式6孔單切延長線,40202,延長線
3014,阿扁薄式6孔5切安全延長線,40202,延長線
16579,SONY CD-R/50片布丁筒,5220300,CD燒錄片
16672,群加 主機電源線,5100200,線材
16681,群加 內建硬碟排線-90CM,5100200,線材
16689,鍵盤延長線6公對6母 PS2,5100200,線材
16691,鍵盤延長線 6公對6母(3米),5100200,線材
16692,VGA顯示器線 1.8M,5100200,線材
16693,VGA顯示器延長線 1.8M,5100200,線材
16694,高級顯示器線15公15公1.8M,5100200,線材
16695,高級顯示器線15公15母1.8M,5100200,線材
16697,群加 高級顯示器線15公對公3M,5100200,線材
16773,RJ45膠套 20,5100201,網路線材
16775,群加 PJ45接頭 10入,5100201,網路線材
16778,群加 CAT5E 網路線-1M,5100201,網路線材
16779,群加 CAT5E 網路線-2M,5100201,網路線材
16780,群加 CAT5E 網路線-3M,5100201,網路線材
16781,群加 CAT5E 網路線-5M,5100201,網路線材
16782,群加 CAT5E 網路線-10M,5100201,網路線材
16783,群加 CAT5E 網路線-15M,5100201,網路線材
16784,群加 CAT5E 網路線-20M,5100201,網路線材
16785,群加 CAT5E 網路線-50M,5100201,網路線材
16805,群加 CAT5E 交錯式網路線-1M,5100201,網路線材
16806,群加 CAT5E 交錯式網路線-3M,5100201,網路線材
16825,MELODY水藍片/50片桶裝,5220300,CD燒錄片
16826,MELODY白金片/50片桶裝,5220300,CD燒錄片
16886,Maxmax CD不織布內頁/100入,5170100,整理耗材
16944,HP 29號黑色墨匣,5110201,HP墨水
16959,HP 49號彩色墨匣,5110201,HP墨水
16960,HP 45號黑色墨匣,5110201,HP墨水
17357,HP 20號黑色墨匣,5110201,HP墨水
17358,HP 15號黑色墨匣,5110201,HP墨水
17475,HP 78號彩色墨匣,5110201,HP墨水
17559,EPSON T007黑色墨匣,5110202,EPSON墨水
17560,EPSON T008彩色墨匣,5110202,EPSON墨水
17610,EPSON T014彩色墨匣,5110202,EPSON墨水
17630,HP 17號彩色墨匣,5110201,HP墨水
17652,EPSON T013黑色墨匣,5110202,EPSON墨水
26465,家電安裝費,6010401,家電安裝費
26466,家電運費,6010401,家電安裝費
26471,家電維修收入,6010401,家電安裝費
26952,網路轉接頭-母對母,5100201,網路線材
26956,簡易型網路壓線工具鉗,5100201,網路線材
34645,EPSON T028黑色墨匣,5110202,EPSON墨水
34646,EPSON T029彩色墨匣,5110202,EPSON墨水
34647,EPSON T032黑色墨匣,5110202,EPSON墨水
34938,阿扁6孔單切電腦延長線,40202,延長線
35818,Maxmax單片CD收藏盒(薄)10入  ,5170100,整理耗材
37420,阿扁4燈4切突波防護延長線,40202,延長線
37422,阿扁薄式6燈6切平貼安全延長線,40202,延長線
38679,群加 USB2.0傳輸線-A公對B公,5100200,線材
38701,群加 USB2.0傳輸線-A公對A公,5100200,線材
38706,群加 USB2.0傳輸線-A公對B公,5100200,線材
38714,群加 USB2.0傳輸線-A公對迷你5Pin,5100200,線材
38715,群加 USB2.0傳輸線-A公對迷你5Pin,5100200,線材
39948,EPSON T038黑色墨匣,5110202,EPSON墨水
39949,EPSON T039彩色墨匣,5110202,EPSON墨水
40069,文鎧銀黑薄膜式鍵盤,5090101,鍵盤
40071,文鎧銀狐超薄鍵盤,5090101,鍵盤
40233,HP 56號黑色墨匣,5110201,HP墨水
40234,HP 57號彩色墨匣,5110201,HP墨水
40236,HP 27號黑色墨匣,5110201,HP墨水
40237,HP 28號彩色墨匣,5110201,HP墨水
40513,群加 CAT5E 網路線-30M,5100201,網路線材
41244,群加 CAT6 交錯式網路線-1.5M-紅,5100201,網路線材
41256,群加 CAT6 網路線-3M-綠,5100201,網路線材
41263,群加 USB2.0傳輸線-A公對A母,5100200,線材
41369,阿扁3對3三插中繼延長線,40202,延長線
41879,群加 USB2.0傳輸線-A公對A母,5100200,線材
41880,群加 USB2.0傳輸線-A公對A母,5100200,線材
42701,聲寶23L微電腦微波爐,10809,30公升以下微電腦微波爐
43788,群加 KVM切換器,5100200,線材
43943,EPSON T042黃色墨匣,5110202,EPSON墨水
43944,EPSON T042紅色墨匣,5110202,EPSON墨水
43945,EPSON T042藍色墨匣,5110202,EPSON墨水
44857,MAXELL 52X白金片/50片桶裝,5220300,CD燒錄片
45158,群加 防雷突波電源延長線,5100200,線材
46336,文鎧冷光珍珠白光學鼠(U+P),5090201,有線光學鼠
47816,五彩超薄SLIMCASE十片精裝,5170100,整理耗材
48551,扁式6孔6切電腦延長線,40202,延長線
48862,抵用券50元                              ,6010403,其他費用
48863,抵用券 100元                            ,6010403,其他費用
49325,A4  標準鍵盤(白),5090101,鍵盤
49329,文鎧迷你小黑狐光學鼠,5090201,有線光學鼠
49598,雕族多媒體音源切換器,5190100,耳機麥克風
49748,購物袋--大,6010402,家電維修費
49749,購物袋--中,6010402,家電維修費
50544,羅技極光勁貂(白),5090201,有線光學鼠
50984,文鎧迷你黑色鍵盤(PS2),5090101,鍵盤
51157,EPSON T046黑色墨匣,5110202,EPSON墨水
51158,EPSON T047藍色墨匣,5110202,EPSON墨水
51159,EPSON T047紅色墨匣,5110202,EPSON墨水
51160,EPSON T047黃色墨匣,5110202,EPSON墨水
51232,MELODY CD-R 99分鐘25片布丁桶裝,5220300,CD燒錄片
51291,檢測處理費,6010401,家電安裝費
51333,羅技極光銳貂(銀),5090201,有線光學鼠
51397,EPSON T050黑色墨匣,5110202,EPSON墨水
51398,EPSON T051黑色墨匣,5110202,EPSON墨水
51399,EPSON T052彩色墨匣,5110202,EPSON墨水
51400,EPSON T053彩色墨匣,5110202,EPSON墨水
51602,還元金,6010402,家電維修費
51897,鵰族後掛式雙耳機麥克風(銀),5190100,耳機麥克風
52133,文鎧藍極光迷你鍵盤,5090101,鍵盤
52134,文鎧銀梭多媒體鍵盤,5090101,鍵盤
52604,EUPA 17L微波爐,10809,30公升以下微電腦微波爐
52672,EPSON T049黑色墨匣,5110202,EPSON墨水
52673,EPSON T049藍色墨匣,5110202,EPSON墨水
52699,EPSON T049黃色墨匣,5110202,EPSON墨水
52700,EPSON T049淡藍色墨匣,5110202,EPSON墨水
52902,SONY 48X白金片/100片桶裝,5220300,CD燒錄片
53150,Sandisk SD-512 記憶卡,4300200,記憶卡
54161,EUPA 17L微電腦微波爐,10809,30公升以下微電腦微波爐
54214,detrois迷你光學晶鑽鼠(黑),5090201,有線光學鼠
54280,勁量鹼性電池12V1入(A27),40302,鹼性電池
54450,三洋6座6切延長線(2P),40202,延長線
54452,國際音樂用鹼性電池3號4入,40302,鹼性電池
54462,三洋4座1切延長線(3P),40202,延長線
54816,東芝鹼性電池3號8+2入,40302,鹼性電池
54817,東芝鹼性電池4號8+2入,40302,鹼性電池
54831,detrois迷你光學晶鑽鼠(珍珠白),5090201,有線光學鼠
55184,A-Take USB2.0傳輸線-A公對A母-1.8m,5100200,線材
55186,A-Take USB2.0傳輸線-A公對迷你5-1.8m,5100200,線材
55187,A-Take USB2.0傳輸線-A公對A母-1.8M含遮避,5100200,線材
55190,A-Take USB2.0傳輸線-A公對A母-3m,5100200,線材
55191,A-Take USB2.0傳輸線-A公對A母-3m含遮,5100200,線材
55203,A-Take 1394 24K連接線 4Pin-4Pin 1.8米,5100200,線材
55215,A-Take CAT5E 網路線-1.5M-藍,5100201,網路線材
55216,A-Take CAT5E 網路線-3M-白,5100201,網路線材
55217,A-Take CAT5E 網路線-3M-藍,5100201,網路線材
55218,A-Take CAT5E 網路線-5M-白,5100201,網路線材
55219,A-Take CAT5E 網路線-5M-藍,5100201,網路線材
55221,A-Take CAT5E 網路線-10M-綠,5100201,網路線材
55222,A-Take CAT5E 網路線-15M-白,5100201,網路線材
55225,A-Take CAT5E 網路線-20M-綠,5100201,網路線材
55227,A-Take CAT5E 網路線-30M-綠,5100201,網路線材
55230,A-Take CAT5E 交錯式網路線-1.5M-白,5100201,網路線材
55231,A-Take CAT5E 交錯式網路線-3M-白,5100201,網路線材
55232,A-Take CAT5E 交錯式網路線-5M-白,5100201,網路線材
55250,A-Take RJ45接頭 10入,5100201,網路線材
55254,A-Take 硬碟排線 90CM,5100200,線材
55259,A-Take RS232-CABLE 25公對公5M 對切換器,5100200,線材
55262,A-Take RS232-延長線 25公對母 5M,5100200,線材
55263,A-Take 主機電源線 1.8M,5100200,線材
55265,A-Take顯示器線15公對公 1.8米 對切換器,5100200,線材
55269,A-Take 顯示器延長線 15公對15公-1.8米,5100200,線材
55270,A-Take 高級顯示器延長線 15公對15公-3米,5100200,線材
55436,三菱12X CD-RW單片盒裝,5220300,CD燒錄片
55441,三菱4X DVD+RW單片,5220400,DVD燒錄片
55539,連鈺商用黑色鍵盤(劍仙II),5090101,鍵盤
55573,群加 電源轉接頭-3孔轉2孔,5100200,線材
55624,創見1G隨身碟(銀),4100101,USB 儲存碟
55856,大同4座單切延長線-2P,40202,延長線
55963,創見 60X SD-1G 記憶卡,4300200,記憶卡
56059,文鎧飛狐光學鼠(黑),5090201,有線光學鼠
56152,AFA白金片50片布丁筒,5220300,CD燒錄片
56266,A4迷你巧燕鼠,5090201,有線光學鼠
56268,A4 標準鍵盤(黑),5090101,鍵盤
56307,Melody 8cm DVD-R/5片盒裝,5220400,DVD燒錄片
56392,群加 3P 6+4孔延長線+防塵蓋+開關 2M,5100200,線材
56394,群加 3P 6孔延長線+防塵蓋+開關 2M,5100200,線材
56914,MELODY 8cm DVD-RW/單片,5220400,DVD燒錄片
57243,SONY DU0卡用轉接卡,4300202,讀卡機/轉接卡
57303,INTOPIC USB TO IDE 轉接器               ,5100200,線材
57342,威剛精靈碟2.0-128MB,4100101,USB 儲存碟
57344,威剛精靈碟2.0-512MB,4100101,USB 儲存碟
57468,羅技極光星貂,5090201,有線光學鼠
57477,文鎧黑伯爵II多媒體鍵盤,5090101,鍵盤
57549,MELODY藍+紅光碟筆2支裝,5220300,CD燒錄片
57550,MELODY光碟筆5支裝,5220300,CD燒錄片
58002,威剛 SD-256記憶卡,4300200,記憶卡
58086,Intopic頭戴式耳麥                       ,5190100,耳機麥克風
58087,Intopic後掛式耳麥,5190100,耳機麥克風
58088,Intopic頭戴隱藏式耳麥                   ,5190100,耳機麥克風
58089,Intopic頭戴式耳麥,5190100,耳機麥克風
58160,會費(贈品大同7吋桌扇),7000101,會員贈品
58224,MELODY 8CM DVD-RW/5片盒裝,5220400,DVD燒錄片
58316,SanDisk Mini 512MB隨身碟,4100101,USB 儲存碟
58850,A4亮銀順手斜鍵盤                        ,5090101,鍵盤
58858,detrois魔眼晶鑽光學鼠,5090201,有線光學鼠
58913,配裝現場工資                            ,6010401,家電安裝費
58930,群加 USB轉RS-232傳輸線 9Pin             ,5100200,線材
58931,群加 USB對印表機傳輸線,5100200,線材
59067,Vio 4X DVD+RW/10片桶裝,5220400,DVD燒錄片
59148,Imation 90min40X白金片/25片桶裝,5220300,CD燒錄片
59730,東芝環保黑色4號電池16入,40301,一般電池
59731,東芝環保黑色3號電池16入,40301,一般電池
59768,鵰族耳掛式耳機(銀),5190100,耳機麥克風
59832,SONY MS-512MB NEW記憶卡,4300200,記憶卡
59859,SONY炫彩黃48X白金片/百片裸裝,5220300,CD燒錄片
59920,Maxmax 52X可列印白片CD-R/10片布丁筒,5220300,CD燒錄片
59976,群加 SATA電源分歧線,5100200,線材
60031,EPSON T056黑色墨匣,5110202,EPSON墨水
60033,EPSON T056紅色墨匣,5110202,EPSON墨水
60034,EPSON T056黃色墨匣,5110202,EPSON墨水
60144,SAMSUNG 4X DVD+RW/單片,5220400,DVD燒錄片
60180,Vio 4X DVD-RW/10片布丁桶,5220400,DVD燒錄片
60376,群加 USB對PS2轉接線                     ,5100200,線材
60405,HP 94號黑色墨匣,5110201,HP墨水
60408,HP 97號彩色高容量,5110201,HP墨水
60526,會費(贈品大同迷你鐵板燒),7000101,會員贈品
60574,Beta水藍片/50片桶裝,5220300,CD燒錄片
60721,國際氫氧電池3號2入,40302,鹼性電池
60722,國際氫氧電池3號4入,40302,鹼性電池
61151,eMAX藍彩蝶8X DVD-R/25片桶裝,5220400,DVD燒錄片
61409,SONY MS-512MB DUO NEW 記憶卡,4300200,記憶卡
61414,威剛精靈碟2.0-1G,4100101,USB 儲存碟
61484,Intopic 桌上型麥克風                    ,5190100,耳機麥克風
61485,Intopic桌上型麥克風(附開關)             ,5190100,耳機麥克風
61528,連鈺軟塞MP3頸掛式耳機(黑),5190100,耳機麥克風
61564,Sandisk SD-1G 記憶卡,4300200,記憶卡
61600,Vio 8X DVD+R/50片桶裝,5220400,DVD燒錄片
61636,威剛SD-1G記憶卡,4300200,記憶卡
61956,KINYO 3D光學鼠,5090201,有線光學鼠
61986,50片裝CD布丁桶,5170100,整理耗材
61987,100片裝CD布丁桶,5170100,整理耗材
61988,MELODY白金片百片桶裝,5220300,CD燒錄片
61989,MELODY水藍片百片桶裝,5220300,CD燒錄片
61990,MELODY 4X DVD+RW/10片桶裝,5220400,DVD燒錄片
62123,E-books 52X白金片/50片桶裝,5220300,CD燒錄片
62125,三菱銀河水藍片/50片桶裝,5220300,CD燒錄片
62127,三菱8X DVD+R/25片桶裝,5220400,DVD燒錄片
62426,Panasonic數位隨身聽(512MB),1060105,數位MP3隨身聽
62476,嗆聲後掛式抗噪耳麥,5190100,耳機麥克風
62483,Imation藍色星空白金片/50片桶裝,5220300,CD燒錄片
62492,USB 2.0 多功能12合1讀卡機,4300202,讀卡機/轉接卡
62533,嗆聲桌上型抗噪立式麥克風,5190100,耳機麥克風
62584,SONY MS-1G 記憶卡,4300200,記憶卡
62763,鵰族時尚單耳耳機麥克風,5190100,耳機麥克風
62814,NEC 16X DVD±RW Double Layer,4250400,DVD 燒錄器
62940,Imation 8X DVD+R/25片桶裝,5220400,DVD燒錄片
63042,CARD(贈品),7000200,會員補卡
63144,Intopic單邊式耳麥(左右可調)             ,5190100,耳機麥克風
63336,LG DVD光碟機,1010102,DVD光碟機
63440,Melody 10X CD-RW/10片桶裝,5220300,CD燒錄片
63498,Toshiba SD-512記憶卡,4300200,記憶卡
63685,PLEOMAX 8X DVD-R/25片桶裝,5220400,DVD燒錄片
63687,Maxmax帆布CD拉鍊包(96片裝),5170100,整理耗材
63711,E-books 8X DVD-R/50片桶裝,5220400,DVD燒錄片
63712,E-books 8X DVD+R/50片桶裝,5220400,DVD燒錄片
63844,威剛戀鏈碟-1GB(藍),4100101,USB 儲存碟
63922,時尚普普CD收集冊(12入),5170100,整理耗材
63924,時尚普普CD拉鍊包(12入),5170100,整理耗材
63926,時尚普普CD收納盒(小),5170100,整理耗材
63927,時尚普普CD收納盒(大),5170100,整理耗材
63949,文鎧光學鼠,5090201,有線光學鼠
63982,MPIO 時尚項鍊型MP3(藍)-256MB            ,4100301,MP3\MP4
63992,會費(URBANE蒸氣電熨斗),7000101,會員贈品
64110,CASIO EX-Z750/W(銀色)數位相機,4090300,數位相機
64216,Maxmax國碩52X水藍片/100片裸裝,5220300,CD燒錄片
64217,eMax藍彩蝶8X DVD-R/50片桶裝,5220400,DVD燒錄片
64267,A-Take USB轉RS232傳輸線-1.8M,5100200,線材
64268,A-Take USB對印表機傳輸線                ,5100200,線材
64329,SONY 8cm DVD-RW/單片盒裝,5220400,DVD燒錄片
64331,SONY 8cm (60分鐘)DVD-RW/單片盒裝        ,5220400,DVD燒錄片
64453,PHILIPs(飛利浦)液晶顯示器,4110100,LCD螢幕
64512,Olympus XD-1G 記憶卡,4300200,記憶卡
64598,國際 22L微波爐,10809,30公升以下微電腦微波爐
64600,LG 19L微波爐,10809,30公升以下微電腦微波爐
64602,SAMSUNG(三星)液晶顯示器,4110100,LCD螢幕
64665,羅技 鍵盤-網際快意手II,5090101,鍵盤
64687,MELODY 8X DVD-R/50片桶裝,5220400,DVD燒錄片
64704,KINYO立體聲耳掛式耳機,5190100,耳機麥克風
64707,KINYO單邊耳機麥克風,5190100,耳機麥克風
64708,KINYO立體聲耳機麥克風                   ,5190100,耳機麥克風
64710,KINYO重低音耳機麥克風                   ,5190100,耳機麥克風
64783,JS MY MIC創意耳麥,5190100,耳機麥克風
64791,Vio 52X 白金片/50片桶裝,5220300,CD燒錄片
64840,SanDisk Mini SD 512記憶卡+轉接卡,4300200,記憶卡
64868,第二代USB智慧晶片卡讀卡機,4300202,讀卡機/轉接卡
64896,KINYO 精緻防水鍵盤,5090101,鍵盤
64918,國際 22L微波爐,10809,30公升以下微電腦微波爐
64999,飛利浦3U11W省電燈泡(晝光),40106,省電燈泡
65000,飛利浦3U8W省電燈泡(晝光),40106,省電燈泡
65001,飛利浦螺旋27W省電燈泡(晝光),40106,省電燈泡
65011,清粉透明CD收納盒(小),5170100,整理耗材
65012,清粉透明CD收納盒(大),5170100,整理耗材
65082,Online 8X DVD+R/50片桶裝,5220400,DVD燒錄片
65118,威剛 SD-2GB記憶卡,4300200,記憶卡
65119,娜亞 11合1 讀卡機 (黑色),4300202,讀卡機/轉接卡
65152,LOGI戰鬥高手耳麥,5190100,耳機麥克風
65153,Toshiba SD-1G記憶卡,4300200,記憶卡
65186,BenQ(明基)液晶顯示器,4110100,LCD螢幕
65230,Melody白金片/50片桶裝,5220300,CD燒錄片
65249,微軟 精靈鯊(白)                         ,5090201,有線光學鼠
65250,微軟 精靈鯊(深藍),5090201,有線光學鼠
65361,日立 數位隨身聽,1060105,數位MP3隨身聽
65376,聲寶DVD光碟機,1010102,DVD光碟機
65497,KINYO Mini光學滑鼠(紅),5090201,有線光學鼠
65549,FUJI Z1/S數位相機(銀色),4090300,數位相機
65629,勁量鹼性3號電池8+2入,40302,鹼性電池
65630,勁量鹼性4號電池8+2入,40302,鹼性電池
65674,HP 21號黑色墨匣,5110201,HP墨水
65675,HP 22號彩色墨匣,5110201,HP墨水
65693,MPIO 音質嚴選MP3-256MB(銀),4100301,MP3\MP4
65707,CD活頁空夾(小),5170100,整理耗材
65709,Beta白金片/100片裸裝,5220300,CD燒錄片
65711,CREATIVE單耳掛式耳麥,5190100,耳機麥克風
65717,CREATIVE雙耳掛式耳機,5190100,耳機麥克風
65739,外接式超薄8X DVD燒錄器-NEC 6650A        ,4250400,DVD 燒錄器
65935,ACER筆記型電腦,4020100,筆記型電腦
65938,BENQ筆記型電腦,4020100,筆記型電腦
65955,創見80X CF-1G記憶卡,4300200,記憶卡
65977,耐嘉超薄型鍵盤,5090101,鍵盤
66040,創見80X SD-1G記憶卡,4300200,記憶卡
66089,鵰族矽膠單耳式耳麥(藍),5190100,耳機麥克風
66185,文鎧 黑郎君標準鍵盤(PS2),5090101,鍵盤
66186,文鎧 黑郎君標準鍵盤(USB),5090101,鍵盤
66187,文鎧 白郎君標準鍵盤(PS2),5090101,鍵盤
66205,Maxmax格紋活頁CD包(96片裝),5170100,整理耗材
66258,文鎧 天弓冷光滑鼠(紅),5090201,有線光學鼠
66271,連鈺 電子開心鼠,5090201,有線光學鼠
66337,ELECOM頭戴式耳麥,5190100,耳機麥克風
66388,RCA 17L微波爐,10809,30公升以下微電腦微波爐
66406,SONY MS-1G DUO NEW 記憶卡,4300200,記憶卡
66433,SanDisk micro 512MB隨身碟,4100101,USB 儲存碟
66454,ACER MF-710 MP3播放器(紅黑),4100301,MP3\MP4
66568,會費(ELECTROLUX電茶壺),7000101,會員贈品
66569,會費(ELECTROLUX美式咖啡機),7000101,會員贈品
66570,會費(ELECTROLUX麵包機),7000101,會員贈品
66584,SAMSUNG 16X DVD+R/25片桶裝,5220400,DVD燒錄片
66593,Melody 99分鐘白金片/50片桶裝,5220300,CD燒錄片
66596,Melody 16X DVD-R/25片桶裝,5220400,DVD燒錄片
66609,ACER筆記型電腦,4020100,筆記型電腦
66683,BenQ 滑鼠-勁光俠(紅),5090201,有線光學鼠
66694,Intopic頸掛耳戴式耳機-珍珠白,5190100,耳機麥克風
66697,Intopic頸掛耳戴式耳機-淺藍              ,5190100,耳機麥克風
66776,Imation日系風(銀)白金片/100片桶裝,5220300,CD燒錄片
66813,群加 3P 6孔延長線+開關 1.2M,5100200,線材
66816,LG 19L微波爐,10809,30公升以下微電腦微波爐
66817,SONY 8X五彩DVD+R/50片桶裝,5220400,DVD燒錄片
66818,SONY 8X五彩DVD-R/50片桶裝               ,5220400,DVD燒錄片
66847,SAMSUNG 有線光學滑鼠 (黑)               ,5090201,有線光學鼠
66857,SAMSUNG 海豚鼠 (黃),5090201,有線光學鼠
66917,KINYO 迷你鼠 (紅),5090201,有線光學鼠
66920,KINYO 迷你鼠,5090201,有線光學鼠
66939,人因 極動光電有線滑鼠,5090201,有線光學鼠
67003,微星MegaStick 1G MP3(白),4100301,MP3\MP4
67056,SHE限量版(Hebe)52X白金片/50片桶裝,5220300,CD燒錄片
67148,HP 93號彩色墨匣,5110201,HP墨水
67149,HP 92號黑色墨水,5110201,HP墨水
67186,Intopic 三鍵式光學滑鼠（白）,5090201,有線光學鼠
67187,Intopic 三鍵式光學滑鼠（黑）,5090201,有線光學鼠
67189,Intopic 三鍵式光學滑鼠（銀灰）,5090201,有線光學鼠
67206,Intopic 三鍵式光學滑鼠（銀）,5090201,有線光學鼠
67269,KINYO炫彩MP3專用耳機(黑),5190100,耳機麥克風
67273,KINYO MP3專用耳機                       ,5190100,耳機麥克風
67274,KINYO MP3專用耳機,5190100,耳機麥克風
67313,微星16X DVD-Dual燒錄器,4250400,DVD 燒錄器
67340,KEY DATA 16X DVD+R/25片桶裝,5220400,DVD燒錄片
67364,EPSON T063藍色墨水匣,5110202,EPSON墨水
67365,EPSON T063紅色墨水匣,5110202,EPSON墨水
67366,EPSON T063黃色墨水匣,5110202,EPSON墨水
67367,EPSON T062黑色墨水匣,5110202,EPSON墨水
67368,EPSON T063黑色墨水匣,5110202,EPSON墨水
67438,Digimaster橘圈8X DVD+R/50片桶裝,5220400,DVD燒錄片
67459,SONY 16XDVD燒錄器,4250400,DVD 燒錄器
67460,極光勁貂,5090201,有線光學鼠
67483,CASIO Z500/GD(金)數位相機,4090300,數位相機
67511,果凍紅SD卡專用讀卡機(USB2.0),4300202,讀卡機/轉接卡
67512,果凍藍MS短卡專用讀卡機(USB2.0),4300202,讀卡機/轉接卡
67515,聲寶20W電子螺旋省電燈泡,40106,省電燈泡
67545,LITEON 16X DVD燒錄器,4250400,DVD 燒錄器
67570,鵰族家用頭戴式耳麥,5190100,耳機麥克風
67622,NIKON CP-S3/W數位相機(白),4090300,數位相機
67644,HP 45號黑色墨匣雙包裝,5110201,HP墨水
67651,NEXS 駭客任務MP3 512MB,4100301,MP3\MP4
67653,大同DVD光碟機,1010102,DVD光碟機
67720,東元DVD光碟機,1010102,DVD光碟機
67754,宏碁(ａｃｅｒ）液晶顯示器,4110100,LCD螢幕
67757,文鎧人體工學鍵盤USB-黑,5090101,鍵盤
67811,羅技極光雲貂G1光學滑鼠,5090201,有線光學鼠
67824,華碩筆記型電腦,4020100,筆記型電腦
67833,技嘉16X DVD-Dual燒錄器                  ,4250400,DVD 燒錄器
67868,國際27L變頻式微波爐,10809,30公升以下微電腦微波爐
67882,羅技百變玩家MP3耳機,5190100,耳機麥克風
67886,羅馬神話光學滑鼠(PS2),5090201,有線光學鼠
67943,方土司-卡姆碟SD讀卡機                   ,4300202,讀卡機/轉接卡
67975,創見Jetflash-120 1G(藍色),4100101,USB 儲存碟
67976,Acer MF-710 MP3播放器(藍白),4100301,MP3\MP4
67979,SONY 16X DVD-R/單片裝,5220400,DVD燒錄片
67980,SONY 16X DVD+R/單片裝,5220400,DVD燒錄片
67996,聲寶DVD光碟機,1010102,DVD光碟機
68034,Samsung YP-U1X MP3播放器(512MB),4100301,MP3\MP4
68035,Samsung YP-U1Z MP3播放器(1G),4100301,MP3\MP4
68080,宏碁(ａｃｅｒ)液晶顯示器,4110100,LCD螢幕
68197,SanDisk Mini SD-1G記憶卡(含轉卡),4300200,記憶卡
68247,Matsunichi TF-39A MP3播放器-銀,4100301,MP3\MP4
68262,華碩筆記型電腦,4020100,筆記型電腦
68291,SONY PRO-P200/S 數位相機(銀色),4090300,數位相機
68293,SONY PRO-P200/T位相機(棕色),4090300,數位相機
68315,NEC 16X DVD燒錄器,4250400,DVD 燒錄器
68316,NEC 16X DVD燒錄器,4250400,DVD 燒錄器
68360,羅技 隨意手鍵盤-絕黑,5090101,鍵盤
68375,三菱 16X DVD+R/25片桶裝,5220400,DVD燒錄片
68420,PHILIPS 4XDVD-R/25片桶裝,5220400,DVD燒錄片
68425,PHILIPS 2XDVD-RW/5片盒裝,5220400,DVD燒錄片
68431,國際牌DVD光碟機,1010102,DVD光碟機
68549,ACER筆記型電腦,4020100,筆記型電腦
68718,HP 2號黑色墨匣,5110201,HP墨水
68719,HP 2號藍色墨匣,5110201,HP墨水
68721,HP 2號黃色墨匣,5110201,HP墨水
68722,HP 2號洋藍色墨匣,5110201,HP墨水
68723,HP 2號洋紅色墨匣,5110201,HP墨水
68767,Melody 2.4X DVD+R 8.5G/5入裝,5220400,DVD燒錄片
68768,Melody 4X DVD-RW/10入筒裝,5220400,DVD燒錄片
68769,Melody 4X DVD-RW/單片精裝,5220400,DVD燒錄片
68772,Melody Printable 8X DVD-R/25入筒裝,5220400,DVD燒錄片
68806,文鎧 銀狐超薄鍵盤(USB),5090101,鍵盤
68814,文鎧 十鍵式多功能光學鼠,5090201,有線光學鼠
68837,Imation 8X DVD+R(國際紫)/50片筒裝,5220400,DVD燒錄片
68838,Imation 8X DVD-R(國際橘)/50片筒裝,5220400,DVD燒錄片
68840,Imation SOHOT 52X CDR白金(消防熊)/50片筒,5220300,CD燒錄片
68949,SANWA 12合1黑色極光讀卡機,4300202,讀卡機/轉接卡
68950,SONY T9/S 數位相機(銀),4090300,數位相機
68951,SONY T9/B數位相機(黑),4090300,數位相機
69083,CASIO EX-Z120W 數位相機,4090300,數位相機
69131,Pentax IST-DL(含鏡頭),4090300,數位相機
69133,東芝筆記型電腦,4020100,筆記型電腦
69165,Amice 有線方客鼠(銀),5090201,有線光學鼠
69167,Amice 有線方客鼠(黑),5090201,有線光學鼠
69249,SanDisk micro 1G隨身碟,4100101,USB 儲存碟
69264,會費(ELECTROLUX三明治),7000101,會員贈品
69265,會費(ELECTROLUX電暖器),7000101,會員贈品
69266,會費(ELECTROLUX電烤箱),7000101,會員贈品
69334,ACER筆記型電腦,4020100,筆記型電腦
69342,E-books 16X DVD+R/25入桶裝,5220400,DVD燒錄片
69379,創見80X CF-512MB記憶卡,4300200,記憶卡
69380,SAMSUNG(三星)液晶顯示器,4110100,LCD螢幕
69386,HT七彩背光數位隨身聽(512MB),1060105,數位MP3隨身聽
69404,歌林HD-FVD數位影音光碟機,1010102,DVD光碟機
69492,人因 滑鼠-極動光學(藍),5090201,有線光學鼠
69506,LG 23L微電腦微波爐,10809,30公升以下微電腦微波爐
69512,Digimaster忍者版52X白金片/50片桶裝,5220300,CD燒錄片
69527,AFA 16X DVD-R/25片桶裝,5220400,DVD燒錄片
69528,AFA 16X DVD+R/25片桶裝,5220400,DVD燒錄片
69542,小家電提貨券700元(贈品),6010403,其他費用
69548,KINYO 35合1 牛奶讀卡機,4300202,讀卡機/轉接卡
69573,SONY 16X DVD燒錄器,4250400,DVD 燒錄器
69583,提貨券500元(贈品),6010403,其他費用
69715,三菱4X DVD-R DL/單片盒裝                ,5220400,DVD燒錄片
69725,KEY DATA 16X DVD-R/25片桶裝,5220400,DVD燒錄片
69726,E-books不織布棉套/50入,5170100,整理耗材
69727,三菱海豚白金片52X/50入桶裝,5220300,CD燒錄片
69728,三菱兔子白金片52X/50入桶裝,5220300,CD燒錄片
69729,三菱貓魚白金片52X/50入桶裝,5220300,CD燒錄片
69730,三菱天使白金片52X/50入桶裝,5220300,CD燒錄片
69744,華碩 16X DVD-Dual燒錄器,4250400,DVD 燒錄器
69771,威剛Speedy SD-1GB記憶卡,4300200,記憶卡
69825,三菱24X CD-RW/單片裝                    ,5220300,CD燒錄片
69832,Digimaster間諜版52X白金片/50片桶裝,5220300,CD燒錄片
69833,AFA 8X DVD-R/50片桶裝,5220400,DVD燒錄片
69834,SAMSUNG 52X CD-R/白金娃娃25片桶裝,5220300,CD燒錄片
69879,Samsung YP-T55 MP3播放器-藍色(1G),4100301,MP3\MP4
69913,SanDisk MS Pro Duo 1G(正達公司貨),4300200,記憶卡
69945,外接式16X DVD燒錄器-MSI DRE16-B超高速,4250400,DVD 燒錄器
69946,LITEON 16X DVD-RAM燒錄器,4250400,DVD 燒錄器
69947,外接式 16X DVD燒錄器-SONY DRX-810UL,4250400,DVD 燒錄器
69952,SAMSUNG(三星)液晶顯示器,4110100,LCD螢幕
69955,RITEK 16X DVD+R/25片桶裝,5220400,DVD燒錄片
69957,RITEK 8X DVD+R/50片桶裝,5220400,DVD燒錄片
69958,RITEK 8X DVD-R/50片桶裝,5220400,DVD燒錄片
69960,DeeJay U3151/SP MP3 播放器-銀色(512MB),4100301,MP3\MP4
69968,Matsunichi TF-38A MP3播放器-銀(512MB),4100301,MP3\MP4
69997,中環8X DVD+R/25片桶裝,5220400,DVD燒錄片
69998,中環8X DVD-R/25片桶裝,5220400,DVD燒錄片
70000,MOZO(摩言)數位液晶顯示器,4110100,LCD螢幕
70050,VITO DVD光碟機,1010102,DVD光碟機
70058,TOP NO.1 8X DVD-R/25片桶裝,5220400,DVD燒錄片
70077,DeeJay UC0951 MP3 播放器-白色(512MB),4100301,MP3\MP4
70081,DeeJay U4551/KP MP3 播放器-黑色(512MB),4100301,MP3\MP4
70092,detrois迷你光學晶鑽鼠(藍),5090201,有線光學鼠
70093,detrois迷你光學晶鑽鼠(紅),5090201,有線光學鼠
70094,連鈺 開心鼠-TCN215,5090201,有線光學鼠
70097,連鈺 3D光學滑鼠,5090201,有線光學鼠
70102,連鈺 鍵盤(劍皇2006),5090101,鍵盤
70127,創見 MP520 MP3 播放器-紅色(512MB),4100301,MP3\MP4
70130,創見 MP610 MP3 播放器-藍色(1G),4100301,MP3\MP4
70178,彩姿活頁式CD拉鍊包(28片裝),5170100,整理耗材
70279,華碩筆記型電腦,4020100,筆記型電腦
70293,飛利浦 16X DVD 燒錄器,4250400,DVD 燒錄器
70304,Melody向日葵版 8X DVD+R/50片桶裝,5220400,DVD燒錄片
70328,PHILIPs(飛利浦)液晶顯示器,4110100,LCD螢幕
70411,Acorp七彩背光數位隨身聽(1G)展示,1060105,數位MP3隨身聽
70412,加值保修服務,6010402,家電維修費
70413,免費保修服務,6010402,家電維修費
70501,ACER筆記型電腦,4020100,筆記型電腦
70506,BenQ C500 數位相機,4090300,數位相機
70512,EASYATM 晶片讀卡機(紅),4300202,讀卡機/轉接卡
70519,VIO 24入精美CD包                        ,5170100,整理耗材
70521,鵰族570戰斧單耳機麥克風,5190100,耳機麥克風
70528,HP筆記型電腦,4020100,筆記型電腦
70546,錸德 52X CD-R 100片布丁桶裝,5220300,CD燒錄片
70547,錸德 52X CD-R/50片桶裝,5220300,CD燒錄片
70630,Amice 吋動有線光學鼠(黑),5090201,有線光學鼠
70631,Amice 吋感吋有線光學鼠(藍),5090201,有線光學鼠
70646,VITO DVD播放機,1010102,DVD光碟機
70675,EASYATM 二代晶片讀卡機                  ,4300202,讀卡機/轉接卡
70676,威剛 MINI SD-1G記憶卡(含轉卡),4300200,記憶卡
70677,Maxmax 52X CD-R和平鴿水藍片/50片祼裝,5220300,CD燒錄片
70682,EPSON T038150-M超值量販包,5110202,EPSON墨水
70685,EPSON T062150-M超值量販包,5110202,EPSON墨水
70709,SanDisk MS PRO DUO 2G(附轉卡),4300200,記憶卡
70748,Agogo 數位隨身聽(1G),1060105,數位MP3隨身聽
70763,E-books 16X DVD+R/10片桶裝,5220400,DVD燒錄片
70765,Vio 96入精美CD包,5170100,整理耗材
70774,RCA 21L微電腦微波爐,10809,30公升以下微電腦微波爐
70787,SAMSUNG i6 PMP 黑色數位相機,4090300,數位相機
70792,NIKON Coolpix L2銀色數位相機,4090300,數位相機
70800,Amice 優購光學滑鼠,5090201,有線光學鼠
70970,KEY DATA 16X DVD+R/50片桶裝,5220400,DVD燒錄片
70971,KEY DATA 16X DVD-R/50片桶裝,5220400,DVD燒錄片
70984,SanDisk SD-512MB記憶卡燦坤30周年慶紀念包,4300200,記憶卡
70986,SanDisk SD-2G 記憶卡,4300200,記憶卡
70988,All in one 粉藍 讀卡機(不需轉卡),4300202,讀卡機/轉接卡
70989,All in one 銀灰 讀卡機(不需轉卡),4300202,讀卡機/轉接卡
70997,CANON A540數位相機,4090300,數位相機
71054,SONY 16X DVD+/-R Super Mulit 燒錄器,4250400,DVD 燒錄器
71055,SONY 16X DVD+/-R Super Multi 燒錄器,4250400,DVD 燒錄器
71069,SanDisk Crossfire 1G隨身碟,4100101,USB 儲存碟
71079,柯達EasyShare C533 數位相機,4090300,數位相機
71080,CASIO EX-Z60/W(銀)數位相機,4090300,數位相機
71085,國際MP3數位隨身聽,1060105,數位MP3隨身聽
71118,華碩筆記型電腦,4020100,筆記型電腦
71157,Hanns.G(彩晶)液晶顯示器,4110100,LCD螢幕
71178,ELECOM(M1)光學滑鼠(白),5090201,有線光學鼠
71181,ONLINE 8X DVD-R/50片桶裝,5220400,DVD燒錄片
71184,HP筆記型電腦,4020100,筆記型電腦
71203,AFA 52X CD-R/100片桶裝,5220300,CD燒錄片
71245,花茶壺,7000101,會員贈品
71249,Panasonic 16X DVD Super Multi 燒錄器,4250400,DVD 燒錄器
71293,羅技迷你星貂-香檳金,5090201,有線光學鼠
71294,羅技迷你星貂-飛雪銀,5090201,有線光學鼠
71296,羅技迷你星貂-夜幕黑,5090201,有線光學鼠
71312,光碟收存內袋/100入裝,5170100,整理耗材
71367,Hiyatek時尚黑銀鏡面多合一讀卡機         ,4300202,讀卡機/轉接卡
71369,Hiyatek極光銀鏡面多合一讀卡機           ,4300202,讀卡機/轉接卡
71372,Acorp七彩背光數位隨身聽(512MB)展示,1060105,數位MP3隨身聽
71417,OLYMPUS FE-150數位相機,4090300,數位相機
71420,32合1 Mini時尚讀卡機                    ,4300202,讀卡機/轉接卡
71476,Hanns.G(彩晶)液晶顯示器,4110100,LCD螢幕
71497,連鈺捲線型耳機,5190100,耳機麥克風
71500,連鈺捲線式耳機麥克風,5190100,耳機麥克風
71517,SanDisk Mini SD-2G記憶卡,4300200,記憶卡
71532,CD整理包/52片裝(青春藍),5170100,整理耗材
71536,CD整理包/52片裝(幻彩黑),5170100,整理耗材
71537,CD整理包/52片裝(沉靜綠),5170100,整理耗材
71548,LG數位影音光碟機,1010102,DVD光碟機
71559,PHILIPS 讀碟王DVD,1010102,DVD光碟機
71560,歌林數位DVD光碟機,1010102,DVD光碟機
71569,Panasonic FX01-S(銀) 數位相機,4090300,數位相機
71588,連鈺MP3超重低音耳機,5190100,耳機麥克風
71612,SanDisk Micro 2G隨身碟,4100101,USB 儲存碟
71621,GE 28L微電腦微波爐,10809,30公升以下微電腦微波爐
71622,三洋4座8尺延長線(2P)NPW-241A,40202,延長線
71623,三洋4座7尺延長線(2P)NPW-244A,40202,延長線
71625,三洋6座9尺延長線(2P)NPW-261A,40202,延長線
71626,三洋6座12尺延長線(2P)NPW-266B,40202,延長線
71629,三洋6座6尺延長線(3P)NPW-366A,40202,延長線
71630,三洋6座12尺延長線(3P)NPW-361B,40202,延長線
71631,三洋6座6尺延長線(3P)NPW-361P,40202,延長線
71632,三洋6座6尺延長線(3P)NPW-361A,40202,延長線
71633,三洋4座6尺延長線(3P)NPW-341A,40202,延長線
71635,羅技迷你星貂-腳印,5090201,有線光學鼠
71644,LEMEL 標準鍵盤-白                       ,5090101,鍵盤
71645,LEMEL 標準鍵盤(銀/黑),5090101,鍵盤
71648,文鎧飛豹多媒體鍵盤-可樂紅,5090101,鍵盤
71649,文鎧飛豹多媒體鍵盤-科技銀,5090101,鍵盤
71651,文鎧光學鼠-月之光(可樂紅),5090201,有線光學鼠
71726,PSA(彩晶)液晶顯示器,4110100,LCD螢幕
71763,Toshiba SD-2G記憶卡,4300200,記憶卡
71764,七彩蘋果SD五合一讀卡機,4300202,讀卡機/轉接卡
71785,創見SD-2G value記憶卡,4300200,記憶卡
71786,創見SD-1G valus記憶卡                   ,4300200,記憶卡
71787,Pentax optio A10 數位相機,4090300,數位相機
71809,飛利浦螺旋13W省電燈泡(晝光),40106,省電燈泡
71811,飛利浦螺旋23W省電燈泡(黃光),40106,省電燈泡
71825,NEC 16X DVD 燒錄器,4250400,DVD 燒錄器
71826,NEC 16X DVD 燒錄器,4250400,DVD 燒錄器
71895,定騰黑傑克 1G 多功能MP3                 ,4100301,MP3\MP4
71897,微星 MegaStick 549 MP3(1GB),4100301,MP3\MP4
71899,東元17L機械式微波爐,10809,30公升以下微電腦微波爐
71910,Samsung YP-U2Z MP3播放器(1G),4100301,MP3\MP4
71917,CENIX數位錄音筆(128MB),1060105,數位MP3隨身聽
71926,CD整理包/28片裝(訴說懸疑),5170100,整理耗材
71927,CD整理包/28片裝(訴說驚嘆),5170100,整理耗材
71935,CD整理包/100片裝(掃描線藍),5170100,整理耗材
71952,魔術方盒 23合1讀卡機+HUB,4300202,讀卡機/轉接卡
71956,CANON IXUS 800 IS數位相機,4090300,數位相機
71957,CANON IXUS 65 數位相機,4090300,數位相機
71967,KINYO頭戴式耳機麥克風                   ,5190100,耳機麥克風
72008,SONY W70/S數位相機(銀),4090300,數位相機
72010,SONY T30/S 數位相機(銀),4090300,數位相機
72022,Mac 時尚黑SD單槽讀卡機,4300202,讀卡機/轉接卡
72023,Mac 果凍銀MS單槽讀卡機,4300202,讀卡機/轉接卡
72048,BENQ 炫光俠迷你光學鼠(白)-GP            ,5090201,有線光學鼠
72049,BENQ 炫光俠迷你光學鼠(黑)-GP            ,5090201,有線光學鼠
72094,Vio 52X CD-R/100片桶裝,5220300,CD燒錄片
72097,E-books 4X DVD+RW(4.7G)/10片桶裝,5220400,DVD燒錄片
72099,E-books 2.4X DVD+R(8.5G)/單片裝,5220400,DVD燒錄片
72109,Agogo MP3數位隨身聽(2G)                 ,1060105,數位MP3隨身聽
72169,群加 CAT6 超扁網路線-2M,5100201,網路線材
72178,群加 USB 易拉式捲線-A公對迷你5Pin       ,5100200,線材
72188,果凍黑SD/MS通用型讀卡機,4300202,讀卡機/轉接卡
72189,精巧黑SD單槽讀卡機,4300202,讀卡機/轉接卡
72217,CHIMEI(奇美)液晶顯示器,4110100,LCD螢幕
72218,CHIMEI(奇美)液晶顯示器,4110100,LCD螢幕
72219,宏碁(acer)液晶顯示器,4110100,LCD螢幕
72254,AFA 彩鑽48X CD-R/25片祼裝,5220300,CD燒錄片
72265,Verbatim變色龍8X DVD-R/50片桶裝,5220400,DVD燒錄片
72266,Verbatim變色龍8X DVD+R/50片桶裝,5220400,DVD燒錄片
72270,Verbatim 4X DVD+RW/單片盒裝,5220400,DVD燒錄片
72290,@POWER六座五切電腦延長線,40202,延長線
72291,@POWER六座單切電腦延長線,40202,延長線
72315,家碁CROSLEY 1G MP3播放器,4100301,MP3\MP4
72319,ACER筆記型電腦,4020100,筆記型電腦
72320,ACER筆記型電腦,4020100,筆記型電腦
72383,Media 16X DVD+R/50片桶裝,5220400,DVD燒錄片
72386,Vio 48X CD-R(水藍)/50片桶裝             ,5220300,CD燒錄片
72409,童話多合1讀卡機,4300202,讀卡機/轉接卡
72411,Hanns.G(彩晶)液晶顯示器,4110100,LCD螢幕
72447,amice 吋感吋有線光學鼠-黑(U+P),5090201,有線光學鼠
72461,創見 JetFlash-V30-2G,4100101,USB 儲存碟
72462,創見 JetFlash-v30 1G,4100101,USB 儲存碟
72463,創見JetFlash-V20-2G,4100101,USB 儲存碟
72464,創見 JetFlash-V20-1G,4100101,USB 儲存碟
72465,威剛戀鏈碟2.0-2G                        ,4100101,USB 儲存碟
72466,威剛精靈碟2.0-2G,4100101,USB 儲存碟
72499,Acorp1.8吋數位隨身聽(1GB),1060105,數位MP3隨身聽
72510,Intopic頭戴式耳機麥克風                 ,5190100,耳機麥克風
72617,五彩光碟袋/100入,5170100,整理耗材
72646,A4 迷你多媒體超薄鍵盤,5090101,鍵盤
72647,A4 時尚超薄防灑水鍵盤                   ,5090101,鍵盤
72679,ViewSonic(優派)液晶顯示器,4110100,LCD螢幕
72695,ViewSonic(優派)液晶顯示器,4110100,LCD螢幕
72723,Philips(飛利浦)液晶顯示器,4110100,LCD螢幕
72734,A-Take USB對PS2轉接線                   ,5100200,線材
72746,SONY 16X DVD-R/50片桶裝                 ,5220400,DVD燒錄片
72747,Verbatim 8X DVD+R/50片桶裝(藍精靈),5220400,DVD燒錄片
72748,Verbatim 8X DVD-R/50片桶裝(藍精靈),5220400,DVD燒錄片
72750,AFA 16X DVD+R/50片桶裝,5220400,DVD燒錄片
72751,H&Q 52X CD-R/25片裸裝(燦坤30週年慶版),5220300,CD燒錄片
72752,AFA 16X DVD-R/50片桶裝,5220400,DVD燒錄片
72760,古典紅木CD珍藏箱(100片裝),5170100,整理耗材
72901,beauty魅媚有線光學鼠-珍珠白,5090201,有線光學鼠
72934,SANDISK e250 2G 影音播放器,4100301,MP3\MP4
73020,微星口袋DVB-T數位行動電視,4100301,MP3\MP4
73045,CHIMEI(奇美)液晶顯示器,4110100,LCD螢幕
73090,HP 筆記型電腦,4020100,筆記型電腦
73092,方土司-香草棒MP3(512MB),4100301,MP3\MP4
73101,SamSung Z5F 白(1G) MP3播放器            ,4100301,MP3\MP4
73102,SanDisk Mini 1G 隨身碟,4100101,USB 儲存碟
73151,三洋多媒體USB鍵盤,5090101,鍵盤
73156,羅技極光星貂V100,5090201,有線光學鼠
73157,羅技極光晶貂LX3,5090201,有線光學鼠
73170,Hanns.G(彩晶)液晶顯示器,4110100,LCD螢幕
73248,Verbatim 52X CD-R/50片桶裝,5220300,CD燒錄片
73250,經典世界杯CD包/40片裝,5170100,整理耗材
73251,經典世界杯CD包/80片裝,5170100,整理耗材
73252,火蝙蝠CD包/80片裝,5170100,整理耗材
73301,SORELL MP3數位隨身聽(512MB 銀),1060105,數位MP3隨身聽
73306,Agogo 1.5吋MP3數位隨身聽(綠色 1G),1060105,數位MP3隨身聽
73311,DoMe 果凍多合1讀卡機,4300202,讀卡機/轉接卡
73313,SanDisk MS Pro Duo 4GB,4300200,記憶卡
73332,ACORP MP3數位隨身聽(1G 情人禮盒),1060105,數位MP3隨身聽
73333,Acorp 1.8吋數位隨身聽(2G),1060105,數位MP3隨身聽
73336,國際27L變頻式鏡面鋼板微波爐,10809,30公升以下微電腦微波爐
73348,KINYO 大滾輪3D光學鼠-756,5090201,有線光學鼠
73428,SONY 48X CD-R/50片桶裝(炫彩藍)          ,5220300,CD燒錄片
73429,SONY 48X CD-R/50片桶裝(炫彩黑)          ,5220300,CD燒錄片
73446,LEO 1.8吋數位隨身聽(1G 白),1060105,數位MP3隨身聽
73485,PHILIPS(飛利浦)液晶顯示器,4110100,LCD螢幕
73498,Fujimaru 薄片餅乾All in 1讀卡機,4300202,讀卡機/轉接卡
73499,Fujimaru 繽紛粉餅All in 1讀卡機,4300202,讀卡機/轉接卡
73529,先鋒DVD播放機,1010102,DVD光碟機
73587,KINYO超重低音麥克風耳機                 ,5190100,耳機麥克風
73705,ACER(宏碁)液晶顯示器,4110100,LCD螢幕
73748,GE 21L 微電腦微波爐,10809,30公升以下微電腦微波爐
73749,GE 21L機械式微波爐,10809,30公升以下微電腦微波爐
73750,GE 19L 微波爐,10809,30公升以下微電腦微波爐
73769,SONY Mass 1G 麥克碟                     ,4100101,USB 儲存碟
73772,微星 MegaStick P610 MP3(1G),4100301,MP3\MP4
73852,SONY Mass 2G 麥克碟,4100101,USB 儲存碟
73853,SONY Mass 4G 麥克碟,4100101,USB 儲存碟
73855,創見 JetFlash-V20-4G,4100101,USB 儲存碟
73857,創見 JetFlash-110-4G,4100101,USB 儲存碟
73858,創見 MP610 2G MP3,4100301,MP3\MP4
73893,Beta 8X DVD-R/超值100片祼裝,5220400,DVD燒錄片
73960,群加 5切6孔延長線 1.8M(含防塵蓋),5100200,線材
73966,HP SA407AA 21號墨匣促銷包,5110201,HP墨水
73967,HP SA408AA 22號墨匣促銷包,5110201,HP墨水
73975,Imation Sohot 8X DVD+R/50片桶裝(螃蟹),5220400,DVD燒錄片
73984,聲寶20W電子式螺旋省電燈泡(黃光),40106,省電燈泡
74000,AMICE鍵盤 優購標準版                    ,5090101,鍵盤
74007,Beauty Love Bit有線光學滑鼠-珍珠白,5090201,有線光學鼠
74008,Beauty Love Bit有線光學滑鼠-銀色,5090201,有線光學鼠
74103,@POWER七座單切防雷擊延長線,40202,延長線
74105,@POWER六座單切磁吸式延長線,40202,延長線
74106,POWER三座平貼式安全延長線,40202,延長線
74107,@POWER四座四切平貼式延長線,40202,延長線
74109,@POWER七座單切3P+2P延長線,40202,延長線
74443,SONY鹼性三號電池12顆裝,40302,鹼性電池
74447,大同安全六座單切延長線,40202,延長線
74493,Hanns.G(彩晶)液晶顯示器                 ,4110100,LCD螢幕
74512,IBM筆記型電腦,4020100,筆記型電腦
74514,歌林28L微電腦微波爐(TK),10809,30公升以下微電腦微波爐
74657,玩新機多功能讀卡機(黑),4300202,讀卡機/轉接卡
74658,玩新機多功能讀卡機(白),4300202,讀卡機/轉接卡
74686,連鈺重低音桿式耳機麥克風,5190100,耳機麥克風
74687,連鈺高級立式麥克風                      ,5190100,耳機麥克風
74692,文鎧飛梭多媒體鍵盤                      ,5090101,鍵盤
74721,日劇盒/12片裝                           ,5170100,整理耗材
74725,日劇盒/24片裝                           ,5170100,整理耗材
74731,VIO可靜音式麥克風                       ,5190100,耳機麥克風
74755,Pioneer 16X DVD 燒錄器,4250400,DVD 燒錄器
74756,Pioneer 16X DVD 燒錄器,4250400,DVD 燒錄器
74769,會費(EUPA鯛魚燒機),7000101,會員贈品
74852,傘型CD包/24片裝,5170100,整理耗材
74855,HP 57號墨水YAH00線上音樂促銷包,5110201,HP墨水
74856,HP 28號墨匣YAH00線上音樂促銷包,5110201,HP墨水
74883,SONY T10/B(黑)數位相機,4090300,數位相機
74904,NEC 18X DVD 燒錄器,4250400,DVD 燒錄器
74905,NEC 18X DVD 燒錄器,4250400,DVD 燒錄器
74907,NEC 18X DVD 燒錄器,4250400,DVD 燒錄器
74947,SanDisk Mini 2G 隨身碟                  ,4100101,USB 儲存碟
74998,@POWER三座平貼式安全延長線,40202,延長線
74999,@POWER三座平貼式安全延長線,40202,延長線
75000,@POWER滿足卡,40202,延長線
75056,網路轉接頭-母對母,5100200,線材
75068,SONY MS-4G DUO NEW記憶卡(附轉卡),4300200,記憶卡
75069,SONY MS-1G DUO NEW記憶卡(附轉卡),4300200,記憶卡
75070,SONY MS-2G DUO NEW記憶卡(附轉卡),4300200,記憶卡
75092,ACER筆記型電腦,4020100,筆記型電腦
75096,國際MP3數位隨身聽(1G),1060105,數位MP3隨身聽
75097,國際MP3數位隨身聽(512MB),1060105,數位MP3隨身聽
75098,國際MP3數位隨身聽(512MB),1060105,數位MP3隨身聽
75122,FOCUS iTalking耳機麥克風(白天使),5190100,耳機麥克風
75163,日本INX 超薄鍵盤-9601,5090101,鍵盤
75183,Fujimaru 光碟播放機,1010102,DVD光碟機
75187,創見Mini SD-2G記憶卡                    ,4300200,記憶卡
75188,創見Mini SD-1G記憶卡                    ,4300200,記憶卡
75203,EPSON T075150黑色墨匣,5110202,EPSON墨水
75205,EPSON T075350紅色墨匣,5110202,EPSON墨水
75206,EPSON T075450黃色墨匣,5110202,EPSON墨水
75207,EPSON T073150黑色墨匣,5110202,EPSON墨水
75208,EPSON T073250藍色墨匣,5110202,EPSON墨水
75209,EPSON T073350紅色墨匣,5110202,EPSON墨水
75210,EPSON T073450黃色墨匣,5110202,EPSON墨水
75212,果涷SD五合一讀卡機                      ,4300202,讀卡機/轉接卡
75257,米奇CD包(藍)/40片裝,5170100,整理耗材
75332,Zynet 旋姆碟讀卡機                      ,4300202,讀卡機/轉接卡
75339,外接式超薄8X DVD 燒錄器-SONY S50U,4250400,DVD 燒錄器
75340,SONY 18X DVD 燒錄器,4250400,DVD 燒錄器
75350,創見可攜式多合1讀卡機(冰亮白),4300202,讀卡機/轉接卡
75352,華碩筆記型電腦,4020100,筆記型電腦
75353,LG高畫質HDMI DVD光碟機,1010102,DVD光碟機
75397,Panasonic LX2-K(黑)數位相機,4090300,數位相機
75400,Panasonic FX07-S(銀)數位相機,4090300,數位相機
75405,EUPA電子式螺旋省電燈泡-黃,40106,省電燈泡
75406,EUPA電子式球型省電燈泡-黃,40106,省電燈泡
75407,EUPA電子式球型省電燈泡-白,40106,省電燈泡
75408,EUPA電子式螺旋省電燈泡-白,40106,省電燈泡
75438,CHIMEI(奇美)液晶顯示器,4110100,LCD螢幕
75484,KINYO 超薄多媒體鍵盤,5090101,鍵盤
75485,KINYO 超薄多媒體鍵盤,5090101,鍵盤
75512,SONY N2數位相機,4090300,數位相機
75528,NIKON Coolpix S9(銀)數位相機,4090300,數位相機
75543,SanDisk Crossfire 2G 隨身碟,4100101,USB 儲存碟
75544,SanDisk U3 2G 黑 隨身碟,4100101,USB 儲存碟
75568,Sandisk Crossfire 4G 隨身碟,4100101,USB 儲存碟
75569,TOSHIBA T1 1G 隨身碟,4100101,USB 儲存碟
75582,Imation Sohot 52X CD-R/50片桶裝(河馬)   ,5220300,CD燒錄片
75585,Imation Sohot 52X CD-R/50片桶裝(粉紅豬) ,5220300,CD燒錄片
75638,KEY DATA 8X DVD-R/50片桶裝,5220400,DVD燒錄片
75662,大眾筆記型電腦,4020100,筆記型電腦
75665,加菲貓 52X CD-R/25片桶裝(英國國旗),5220300,CD燒錄片
75667,Epro 52X CD-R/50片祼裝,5220300,CD燒錄片
75787,ACER(宏碁)液晶顯示器,4110100,LCD螢幕
75859,Intopic抗噪桌上型麥克風                 ,5190100,耳機麥克風
75862,FOCUS iTalking小精靈伸縮耳機麥克風(白),5190100,耳機麥克風
75894,ViewSonic(優派)液晶顯示器,4110100,LCD螢幕
75922,TOP-TINT 伸縮型單邊耳機麥克風           ,5190100,耳機麥克風
75929,H&Q 52X CD-R/50片裸裝(燦坤30週年慶版),5220300,CD燒錄片
75964,i-driver速-有線光學鼠-藍,5090201,有線光學鼠
75965,i-driver勝戰有線光學滑鼠-白色,5090201,有線光學鼠
75966,i-driver勝戰有線光學滑鼠-鐵灰色,5090201,有線光學鼠
75981,會費(ELECTROLUX蒸氣刷),7000101,會員贈品
76005,華碩筆記型電腦,4020100,筆記型電腦
76041,i-rock 透明水晶12合1讀卡機(黑),4300202,讀卡機/轉接卡
76075,日立HITEC數位影音光碟機,1010102,DVD光碟機
76122,BenQ I200摩豋多媒體鍵盤                 ,5090101,鍵盤
76138,Intopic 多媒體鍵盤(黑)10,5090101,鍵盤
76147,Intopic 三鍵式光學滑鼠（黑）013         ,5090201,有線光學鼠
76172,ACORP 1.8吋數位隨身聽(1G),1060105,數位MP3隨身聽
76173,ACORP 七彩背光數位隨身聽(1G),1060105,數位MP3隨身聽
76226,連鈺迷你超薄鍵盤-TCK210PLUS,5090101,鍵盤
76240,連鈺3D光學鼠-TCN130,5090201,有線光學鼠
76241,連鈺水晶光學鼠-TCN140,5090201,有線光學鼠
76254,威剛Speedy SD-2G記憶卡                  ,4300200,記憶卡
76262,方土司 青蘋果凍 1G MP4                  ,4100301,MP3\MP4
76266,人因 行動鈦郎 U3410 1G MP3,4100301,MP3\MP4
76461,OLYMPUS XD-2G記憶卡,4300200,記憶卡
76527,ACROX光學滑鼠(小)                       ,5090201,有線光學鼠
76541,VITO 數位DVD播放機,1010102,DVD光碟機
76595,TOP-TINT 360度高感度抗噪麥克風          ,5190100,耳機麥克風
76630,富士 F-31 數位相機,4090300,數位相機
76684,ACER筆記型電腦(王建民機),4020100,筆記型電腦
76736,LITEON 18X DVD燒錄器,4250400,DVD 燒錄器
76744,華碩筆記型電腦,4020100,筆記型電腦
76757,BENQ數位相機(黑色),4090300,數位相機
76783,EPSON C59/CX2900原廠墨水匣,5110202,EPSON墨水
76965,ViewSonic(優派)液晶顯示器,4110100,LCD螢幕
76976,HP 80元墨水折價券,6010403,其他費用
77010,detrois 800dpi光學大晶鑽(粉彩藍)        ,5090201,有線光學鼠
77011,detrois 800dpi光學大晶鑽(雪貂白)        ,5090201,有線光學鼠
77013,detrois 800dpi光學魔多鼠(黑),5090201,有線光學鼠
77016,detrois 1200dpi光學幻影鼠(磨砂紅),5090201,有線光學鼠
77017,detrois 1200dpi光學幻影鼠(紫光藍),5090201,有線光學鼠
77022,微軟 光學小黑鯊                         ,5090201,有線光學鼠
77078,歌林伸縮式單邊耳掛耳機麥克風            ,5190100,耳機麥克風
77104,RITEK 8X DVD+R布丁筒裝(律動藍)          ,5220400,DVD燒錄片
77111,IPOD造型雙邊耳機,5190100,耳機麥克風
77155,SanDisk U3 4G 黑 隨身碟(資展),4100101,USB 儲存碟
77214,VIO DVD+R 16X/50片布丁桶                ,5220400,DVD燒錄片
77221,達文西-人體密碼 16XDVD-R/25,5220400,DVD燒錄片
77222,RIDATA 8X DVD-R/25布丁桶裝              ,5220400,DVD燒錄片
77223,RIDATA 8X DVD+R/50布丁桶裝,5220400,DVD燒錄片
77224,RIDATA 8X DVD-R/50布丁桶裝,5220400,DVD燒錄片
77225,RIDATA 8X DVD+R/25布丁桶裝              ,5220400,DVD燒錄片
77233,嗆聲-耳塞式耳機麥克風                   ,5190100,耳機麥克風
77234,超薄型耳掛式MP3耳機-白,5190100,耳機麥克風
77238,百全桌上型麥克風-MP101                  ,5190100,耳機麥克風
77241,RIDATA 52X CD-R/100 白金布丁筒裝        ,5220300,CD燒錄片
77250,Philips CAT5E 網路線-2.1M(白)           ,5100201,網路線材
77253,Philips CAT5E 網路線-4.2M(白),5100201,網路線材
77258,EUPA 20L機械式微波爐,10809,30公升以下微電腦微波爐
77278,Sweet 52X CD-R/50片裝,5220300,CD燒錄片
77282,SAMPO 10座單切2P/3P延長線,40202,延長線
77315,Philips 1394傳輸線 6pin to 4pin,5100200,線材
77320,Philips USB2.0傳輸線-A公對迷你5Pin      ,5100200,線材
77359,PHILIPS(飛利浦)液晶顯示器,4110100,LCD螢幕
77409,MEMOREX DVD+R 16X/50片布丁,5220400,DVD燒錄片
77412,IMATION DVD-R 16X/50布丁,5220400,DVD燒錄片
77414,HP 27號墨水雙匣包裝+現金折價券,5110201,HP墨水
77435,LITEON 20X DVD燒錄器,4250400,DVD 燒錄器
77464,akilis 1.8吋MP4數位隨身聽(2G),1060105,數位MP3隨身聽
77481,BENQ E720數位相機(灰色),4090300,數位相機
77507,威剛精靈碟(PD1)-4G,4100101,USB 儲存碟
77569,SONY 16X DVD+R/30片布丁桶,5220400,DVD燒錄片
77600,文鎧海灣型流線鍵盤(白),5090101,鍵盤
77602,請用081654報帳文鎧光學鼠-辰之光,5090201,有線光學鼠
77610,acorp 七彩背光數位隨身聽(4GB),1060105,數位MP3隨身聽
77621,飛利浦 16X DVD燒錄器                    ,4250400,DVD 燒錄器
77648,EUPA 六座單切電腦延長線,40202,延長線
77655,i-driver CAT5E 網路線-30M(白)           ,5100201,網路線材
77660,i-driver CAT5E 網路線-3M(黃)            ,5100201,網路線材
77662,i-driver CAT5E 網路線-1.5M(白)          ,5100201,網路線材
77681,Q-TIME DVD-R 8X(50入),5220400,DVD燒錄片
77682,Q-TIME DVD+R 8X(50入),5220400,DVD燒錄片
77684,MAXMAX白金片52X/50入布丁筒(五彩),5220300,CD燒錄片
77692,小家電商品提貨券2000元(贈品),6010403,其他費用
77711,小家電商品提貨券200元(贈品)             ,6010403,其他費用
77774,松日 TCM-6201 1G MP4                    ,4100301,MP3\MP4
77804,Ridata 60X SD-2G記憶卡                  ,4300200,記憶卡
77806,H&Q 粉藍音樂瘋8X DVD+R/50入,5220400,DVD燒錄片
77807,H&Q 粉綠音樂瘋8X DVD-R/50入,5220400,DVD燒錄片
77810,SHE限定版(SELINA)52X 白金片,5220300,CD燒錄片
77824,創見 JetFlash-V10 8G,4100101,USB 儲存碟
77835,BENQ X710數位相機(銀色),4090300,數位相機
77907,DoMe 1.5吋亮彩機MP4-1G,4100301,MP3\MP4
77941,創見 MP630 2G MP3,4100301,MP3\MP4
77953,ACER(宏碁)液晶顯示器,4110100,LCD螢幕
77959,錸德RIDATA CD-R 白金裸片彩縮(50片),5220300,CD燒錄片
77982,東元倍頻卡拉OK DVD,1010102,DVD光碟機
77999,人因 行動鈦郎 UC05 1G(黑)MP4,4100301,MP3\MP4
78005,聲寶DVD數位影音光碟機,1010102,DVD光碟機
78008,Acorp 1.8吋MP3數位隨身聽(4GB)           ,1060105,數位MP3隨身聽
78014,金士頓 Mini Fun 2G隨身碟,4100101,USB 儲存碟
78068,創見SDHC-4G C6記憶卡                    ,4300200,記憶卡
78135,BENQ E610數位相機(銀色),4090300,數位相機
78138,華碩筆記型電腦,4020100,筆記型電腦
78147,M2卡多合1讀卡機(卡先機-黑)              ,4300202,讀卡機/轉接卡
78148,M2卡多合1讀卡機(卡先機-白)              ,4300202,讀卡機/轉接卡
78169,威剛鏡面碟(VISTA)-2G                    ,4100101,USB 儲存碟
78229,T.C.STAR MP3捲線耳機,5190100,耳機麥克風
78235,T.C.STAR 捲線器耳機,5190100,耳機麥克風
78236,T.C.STAR MP3捲線耳機,5190100,耳機麥克風
78240,T.C.STAR MP3捲線耳機,5190100,耳機麥克風
78241,頭戴式蛇管麥克風                        ,5190100,耳機麥克風
78243,光碟收納包(水晶版)                      ,5170100,整理耗材
78265,CEOMATE T12 1G MP4,4100301,MP3\MP4
78268,威剛SDHC-4G C2記憶卡                    ,4300200,記憶卡
78334,Vito DVD影音光碟機,1010102,DVD光碟機
78339,會費(EUPA 個人養生料理燉盅),7000101,會員贈品
78345,BenQ(明碁)液晶顯示器,4110100,LCD螢幕
78346,32合1科技銀讀卡機                       ,4300202,讀卡機/轉接卡
78352,2C家電商品提貨券500元(贈品)             ,6010403,其他費用
78364,飛利浦 18X DVD燒錄器(支援12X RAM),4250400,DVD 燒錄器
78379,創見 JetFlash V10 4G                    ,4100101,USB 儲存碟
78423,羅技快意手鍵盤 200 USB,5090101,鍵盤
78430,CREATIVE V-PLUS 2G(白)MP4,4100301,MP3\MP4
78468,detrois經濟包光學小晶鑽鼠(陶瓷白)       ,5090201,有線光學鼠
78481,仁宏果凍防水鍵盤(白),5090101,鍵盤
78482,仁宏果凍防水鍵盤(黑),5090101,鍵盤
78494,SONY VAIO筆記型電腦,4020100,筆記型電腦
78515,AGOGO MP3數位隨身聽(2G),1060105,數位MP3隨身聽
78578,OLYMPUS FE240數位相機,4090300,數位相機
78593,SKYLARK DVD數位影音播放機,1010102,DVD光碟機
78672,ACER 筆記型電腦(Vista),4020100,筆記型電腦
78673,Toshiba SDHC-4GB C4記憶卡,4300200,記憶卡
78706,大眾筆記型電腦,4020100,筆記型電腦
78724,CASIO Z1050BK 數位相機,4090300,數位相機
78775,E-books 48P(雙拉鍊)整理包,5170100,整理耗材
78777,E-books 24P(雙拉鍊)整理包,5170100,整理耗材
78778,迷宮光碟收納包機械藍24片裝              ,5170100,整理耗材
78782,光碟收存內袋(50片裝)                    ,5170100,整理耗材
78814,LG Super-Multi 18X DVD-RW燒錄器,4250400,DVD 燒錄器
78833,Imation Classic DVD-R 16X50片裝(Sliver) ,5220400,DVD燒錄片
78871,SONY T100/S(銀)數位相機,4090300,數位相機
78872,SONY T100/B(黑)數位相機,4090300,數位相機
79165,TOSHIBA Pen Drive U3 4GB,4100101,USB 儲存碟
79219,DeeJay UC18 4G(白)MP4,4100301,MP3\MP4
79349,PENTAX M30數位相機(紅),4090300,數位相機
79383,羅技極光勁貂1000USB-黑                  ,5090201,有線光學鼠
79384,羅技極光勁貂1000USB-白                  ,5090201,有線光學鼠
79387,PLEOMAX迷你超薄鍵盤(黑),5090101,鍵盤
79388,PLEOMAX迷你超薄鍵盤(白),5090101,鍵盤
79412,華碩18X光雕燒錄機(IDE介面),4250400,DVD 燒錄器
79461,LG(樂金)液晶顯示器,4110100,LCD螢幕
79462,華碩筆記型電腦,4020100,筆記型電腦
79480,SENSE M2+MS+SIM卡讀卡機,4300202,讀卡機/轉接卡
79483,SONAR滑鼠,5090201,有線光學鼠
79520,SONY Turbo 4G 麥克碟,4100101,USB 儲存碟
79524,Imation NANO 2G 隨身碟,4100101,USB 儲存碟
79525,DeeJay UC26 2G(黑)MP4,4100301,MP3\MP4
79587,ACER筆記型電腦,4020100,筆記型電腦
79596,KINYO精緻標準鍵盤,5090101,鍵盤
79604,acorp 1.8吋數位隨身聽(2GB)              ,1060105,數位MP3隨身聽
79614,akilis 1.8吋MP4數位隨身聽(2GB),1060105,數位MP3隨身聽
79615,akilis MP3數位隨身聽(1GB),1060105,數位MP3隨身聽
79633,金士頓 2G 伸縮碟                        ,4100101,USB 儲存碟
79635,微星MegaStick P240 2G MP3,4100301,MP3\MP4
79637,松日 MP-500I 1G MP3,4100301,MP3\MP4
79642,SORELL MP3數位隨身聽(4GB)               ,1060105,數位MP3隨身聽
79673,群加 主機電源省力延長線                 ,5100200,線材
79682,RITEK 52X CD-R 繁花紅 50布,5220300,CD燒錄片
79706,VARTA Energy 鹼性電池 AAA 4號二入,40302,鹼性電池
79710,VARTA Energy 鹼性電池 AAA 4號六入,40302,鹼性電池
79711,VARTA Energy 鹼性電池 AAA 4號十入,40302,鹼性電池
79714,VARTA Energy 鹼性電池 9V 一入,40302,鹼性電池
79775,華碩筆記型電腦,4020100,筆記型電腦
79780,HP 21/22號組合包裝墨水,5110201,HP墨水
79781,HP 56/57號組合包裝墨水,5110201,HP墨水
79782,HP 21號墨水雙包裝,5110201,HP墨水
79783,HP 27/28組合包裝墨水,5110201,HP墨水
79793,ACER(宏碁)液晶顯示器,4110100,LCD螢幕
79819,西歐CEOMATE T12 2G(白)MP4,4100301,MP3\MP4
79823,SamSung K3 2G(黑)MP3,4100301,MP3\MP4
79831,TDK 覆寫式1~4XDVD-RW單片盒裝            ,5220400,DVD燒錄片
79833,TDK 覆寫式 1~4XDVD+RW單片盒裝           ,5220400,DVD燒錄片
79860,SONY W55/B 數位相機(黑),4090300,數位相機
79861,SONY W55/P 數位相機(粉紅),4090300,數位相機
79887,KINYO All-In-One讀卡機                  ,4300202,讀卡機/轉接卡
79888,e機雙響晶片讀卡機                       ,4300202,讀卡機/轉接卡
79900,PHILIPS(飛利浦)液晶顯示器,4110100,LCD螢幕
80002,Imation NANO 1G 隨身碟                  ,4100101,USB 儲存碟
80006,Verbatim 52XCD-R 黃金片 (50+2)促銷包,5220300,CD燒錄片
80034,ACER(宏碁)液晶顯示器,4110100,LCD螢幕
80110,群加 USB 易拉式捲線-RJ45對RJ45          ,5100201,網路線材
80236,Panasonic FX10-P(粉紅)數位相機,4090300,數位相機
80355,小天使60片CD收納盒                      ,5170100,整理耗材
80356,MELODY/16X/DVD-R/ 50入布丁              ,5220400,DVD燒錄片
80358,Power Source DVD/50入布丁筒             ,5220400,DVD燒錄片
80361,格子物語CD拉鍊包-24入                   ,5170100,整理耗材
80363,格子物語CD收納盒-小                     ,5170100,整理耗材
80364,格子物語CD收納盒-大                     ,5170100,整理耗材
80385,Dysan 16x DVD-R 50布丁筒                ,5220400,DVD燒錄片
80386,Melody 16X DVD+R/4.7GB/50片桶裝         ,5220400,DVD燒錄片
80461,創見 MP630 4G MP3,4100301,MP3\MP4
80485,微星 MegaStick P240 4G(白)MP3,4100301,MP3\MP4
80498,HP液晶顯示器,4110100,LCD螢幕
80523,MSI 20X DVD-RW燒錄器,4250400,DVD 燒錄器
80568,LG 雙雷射頭讀王DVD光碟機,1010102,DVD光碟機
80570,LG HDMI雙雷射頭DVD光碟機,1010102,DVD光碟機
80602,HP 墨水回收加購折15元,6010403,其他費用
80651,EPSON 超值全餐耗材組,5110202,EPSON墨水
80683,LOBOS 耳掛式耳機麥克風(櫻桃紅)          ,5190100,耳機麥克風
80770,創見 MP630 1G MP3,4100301,MP3\MP4
80791,創見 75X CF-2G記憶卡,4300200,記憶卡
80821,Hawk 雙鏡頭滑鼠,5090201,有線光學鼠
81018,方土司 茶香蛋捲 2G MP3,4100301,MP3\MP4
81026,PQI 2G(粉紅)玩美碟,4100101,USB 儲存碟
81053,連鈺迷你有線光學鼠-TCN155,5090201,有線光學鼠
81062,微軟光學精靈鯊 (冰晶銀)                 ,5090201,有線光學鼠
81064,微軟光學精靈鯊 (甜橙橘),5090201,有線光學鼠
81066,BENQ S500有線名片鼠-深灰銀,5090201,有線光學鼠
81128,群加 多合一鏡面讀卡機-黑                ,4300202,讀卡機/轉接卡
81165,HP筆記型電腦,4020100,筆記型電腦
81176,i-bone狗骨頭矽膠捲線棒                  ,5190100,耳機麥克風
81181,華碩筆記型電腦,4020100,筆記型電腦
81182,華碩筆記型電腦,4020100,筆記型電腦
81194,acorp七彩背光數位隨身聽(2GB)            ,1060105,數位MP3隨身聽
81317,Inpotic頭戴式耳機麥克風                 ,5190100,耳機麥克風
81318,Intopic頭戴式耳機麥克風                 ,5190100,耳機麥克風
81319,Beta 16X  DVD-R/50片裝                  ,5220400,DVD燒錄片
81326,E-books 16XDVD+R(printable) 25片裝,5220400,DVD燒錄片
81332,Digimaster Kitty-粉紅精靈 52XCD-R       ,5220300,CD燒錄片
81399,連鈺多媒體薄膜有線鍵盤-TCK625,5090101,鍵盤
81403,連鈺四向瀏覽變速光學鼠-TCN153,5090201,有線光學鼠
81473,LUXPRO Tangent 2G MP3                   ,4100301,MP3\MP4
81474,MSI P320 2G MP3,4100301,MP3\MP4
81544,BenQ(明基)液晶顯示器,4110100,LCD螢幕
81547,文鎧白神駒鍵盤                          ,5090101,鍵盤
81607,SONY A808/BC 8G(黑)MP4,4100301,MP3\MP4
81623,愛迪生22W電子式3U燈管-白光,40106,省電燈泡
81624,愛迪生22W電子式3U燈管-黃光,40106,省電燈泡
81659,detrois 光學亮彩晶鑽 (亮彩藍),5090201,有線光學鼠
81703,Acorp 1.5吋MP4數位隨身聽(4GB ),1060105,數位MP3隨身聽
81704,SORELL 1.8吋MP4數位隨身聽(1GB)          ,1060105,數位MP3隨身聽
81720,華碩筆記型電腦,4020100,筆記型電腦
81738,BENQ筆記型電腦,4020100,筆記型電腦
81739,BENQ筆記型電腦,4020100,筆記型電腦
81750,中環 8X DVD-R,5220400,DVD燒錄片
81752,Online 16X DVD+R                        ,5220400,DVD燒錄片
81753,Online 52X CDR 白金片                   ,5220300,CD燒錄片
81759,KINYO 多媒體鍵盤,5090101,鍵盤
81760,KINYO 多媒體鍵盤,5090101,鍵盤
81806,LG 外接式18X DVD RW 燒錄機,4250400,DVD 燒錄器
81837,九族文化村門票2張                       ,6010403,其他費用
81880,飛利浦時尚黑讀碟王DVD,1010102,DVD光碟機
81887,愛迪生螺旋21W白光,40106,省電燈泡
81891,KINYO 一般電源延長線-3.6米              ,5100200,線材
81894,KINYO 一般電源延長線-1.8米              ,5100200,線材
81905,Esesne 素顏58合1讀卡機(黑),4300202,讀卡機/轉接卡
81962,三洋28W螺旋省電護眼燈泡（白光）,40106,省電燈泡
81972,華碩筆記型電腦,4020100,筆記型電腦
81995,SANYO T700數位相機(炫藍),4090300,數位相機
82008,TEAC DVD+-RW-DUAL18X (黑)燒錄機,4250400,DVD 燒錄器
82065,飛利浦HDMI讀碟王DVD,1010102,DVD光碟機
82088,群加 SD/SDHC讀卡機                      ,4300202,讀卡機/轉接卡
82097,Nikon S50c數位相機,4090300,數位相機
82119,易拓Mini 8G(黑)智慧碟                   ,4100101,USB 儲存碟
82120,易拓Mini 8G(白)智慧碟                   ,4100101,USB 儲存碟
82151,KINYO立體聲耳機麥克風                   ,5190100,耳機麥克風
82164,SONY 16X DVD-R/10片桶裝,5220400,DVD燒錄片
82197,SAMSUNG U3 1G(黑)MP3,4100301,MP3\MP4
82230,SONY VAIO筆記型電腦,4020100,筆記型電腦
82283,DIY暨週邊耗材 500元折價券               ,6010403,其他費用
82295,技嘉 20X DVD 燒錄器,4250400,DVD 燒錄器
82403,會費(Electrolux 藝術扇-紫色),7000101,會員贈品
82404,會費(Electrolux 果汁機),7000101,會員贈品
82408,會費(Electrolux 藝術扇-粉紅色 ),7000101,會員贈品
82409,會費(URBANE 5吋迷你豬桌扇-黃色),7000101,會員贈品
82434,Panasonic FX100-S(銀)數位相機,4090300,數位相機
82723,UMAX APUS Skate 1G隨身碟                ,4100101,USB 儲存碟
82825,AFA CD-R彩鑽/50片裸裝,5220300,CD燒錄片
82829,BenQ(明基)液晶顯示器,4110100,LCD螢幕
82880,ELECOM大量收納CD包/72片裝(黑)           ,5170100,整理耗材
83018,羅技 快意手100鍵盤PS/2-黑,5090101,鍵盤
83033,I-DRIVER 氣樂PS/2標準鍵盤               ,5090101,鍵盤
83170,華碩筆記型電腦,4020100,筆記型電腦
83172,SONY 16XDVD-R 50片裝古墓奇兵促銷包,5220400,DVD燒錄片
83305,人因行動鈦郎 UC88 2G(黑) MP4            ,4100301,MP3\MP4
83308,SONY B103 1G(黑)MP3,4100301,MP3\MP4
83438,All in 1全功能讀卡機(白)                ,4300202,讀卡機/轉接卡
83446,25合1攜帶高速型讀卡機(銀),4300202,讀卡機/轉接卡
83484,OLYMPUS FE280數位相機,4090300,數位相機
83506,Nikon S51數位相機(銀),4090300,數位相機
83616,INTOPIC-飛碟光學滑鼠017(白)             ,5090201,有線光學鼠
83769,BENQ E200有線滑鼠-銀鐵灰,5090201,有線光學鼠
83805,SONY T70/W(白)數位相機,4090300,數位相機
83821,Team 機器人2G行動碟,4100101,USB 儲存碟
83828,Digimaster 炫銀讀卡機                   ,4300202,讀卡機/轉接卡
83855,華碩簡易型電腦,4020100,筆記型電腦
83856,華碩筆記型電腦,4020100,筆記型電腦
83860,Philips(飛利浦)液晶顯示器               ,4110100,LCD螢幕
83861,人因行動鈦郎 UC88 1G(白) MP4            ,4100301,MP3\MP4
83906,魔法方糖讀卡機(藍/白/黑),4300202,讀卡機/轉接卡
83907,魔法口琴讀卡機(湖綠),4300202,讀卡機/轉接卡
83915,LG(樂金)液晶顯示器,4110100,LCD螢幕
83919,ACER(宏碁)液晶顯示器,4110100,LCD螢幕
83920,ACER(宏碁)液晶顯示器,4110100,LCD螢幕
84040,大同高容量中繼延長線                    ,40202,延長線
84042,大同四座單切2P安全延長線(夜間照明)      ,40202,延長線
84171,Panasonic DVD光碟機,1010102,DVD光碟機
84193,日本莫優子17L微電腦微波爐,10809,30公升以下微電腦微波爐
84262,Akilis 小寶馬1.5吋MP4數位隨身聽,1060105,數位MP3隨身聽
84357,大眾筆記型電腦,4020100,筆記型電腦
84418,Go Easy MP3數位隨身聽,1060105,數位MP3隨身聽
84602,SanDisk Micro 4G隨身碟,4100101,USB 儲存碟
84612,EPSON 墨水回收加購折15元                ,6010403,其他費用
84614,LEXMARK 墨水回收加購折15元              ,6010403,其他費用
84833,Panasonic 27L變頻式微波爐,10809,30公升以下微電腦微波爐
84881,VIO 24片入CD包B款                       ,5170100,整理耗材
84914,SONY T2/G(綠)數位相機                   ,4090300,數位相機
84915,SONY T2/P(粉紅)數位相機                 ,4090300,數位相機
85052,華碩簡易型電腦,4020100,筆記型電腦
85140,Vito DVD播放機                          ,1010102,DVD光碟機
85322,BENQ筆記型電腦,4020100,筆記型電腦
85408,方土司茶香蛋捲2G MP3-周杰倫限量精裝版   ,4100301,MP3\MP4
